,Cumulative Return,Annualized Return (%),Annual Volatility (%),Sharpe Ratio,Max Drawdown (%),Calmar Ratio,Sortino Ratio
Baseline CVaR,106.35796255049246,15.61768912776866,17.252613711987973,0.927717807069214,-29.716081632097456,0.5255635423648658,1.3256723347596142
Regime-Aware CVaR,108.64180594390835,15.872886318068549,17.215673840800267,0.9421503087313428,-28.786854584660897,0.5513935630371523,1.3478002519527983
Alpha-Aware CVaR,95.51477200349095,14.3743134308282,17.4691806620513,0.8564492260260128,-27.81579884097287,0.5167679530977458,1.2200496541201598
